{
  "clustering_config": {
    "n_clusters": 2,
    "method": "K-Means",
    "normalization": "L2"
  },
  "search_results": {
    "best_k": 2,
    "silhouette_scores": [
      0.0806325152516365,
      0.07748249173164368,
      0.061434824019670486,
      0.07024674117565155,
      0.05223134905099869,
      0.06230643764138222,
      0.06964665651321411,
      0.05527426302433014,
      0.040148574858903885
    ],
    "inertias": [
      28.918481826782227,
      26.884227752685547,
      25.638219833374023,
      23.856769561767578,
      23.307523727416992,
      21.514068603515625,
      20.375457763671875,
      19.82530403137207,
      19.288860321044922
    ]
  },
  "cluster_distribution": {
    "0": 18,
    "1": 27
  },
  "cluster_keywords": {
    "0": [
      "العربية",
      "pour",
      "that",
      "النفسية",
      "mais"
    ],
    "1": [
      "nicht",
      "eine",
      "deutsche",
      "deutschland",
      "sind"
    ]
  },
  "corpus_size": 45
}